Jeu,Communauté
Grand Theft Auto V,0
Portal 2,0
Tomb Raider (2013),0
The Elder Scrolls V: Skyrim,0
Bioshock Infinite,0
Borderlands 2,0
Life Is Strange,0
Bioshock,0
Fallout 4,0
Payday 2,0
Terraria,0
Grand Theft Auto Iv,0
Metro 2033,0
Metal Gear Solid V: The Phantom Pain,0
Grand Theft Auto: San Andreas,0
Middle-Earth: Shadow Of Mordor,0
Bioshock 2,0
Mirror'S Edge,0
Spec Ops: The Line,0
Wolfenstein: The New Order,0
Saints Row: The Third,0
Borderlands,0
Fallout: New Vegas,0
Dishonored,0
L.A. Noire,0
Hitman: Absolution,0
Mass Effect 2,0
Just Cause 3,0
Borderlands: The Pre-Sequel,0
Metal Gear Solid V: Ground Zeroes,0
Mortal Kombat X,0
Mass Effect,0
Just Cause 2,0
Minecraft,0
Brutal Legend,0
Mafia Ii,0
Watch Dogs,0
Saints Row Iv,0
The Darkness Ii,0
No Man'S Sky,0
Darksiders,0
Assassin'S Creed Ii,0
Batman: Arkham Origins,0
Grid 2,0
Resident Evil 5,0
Far Cry 4,0
Saints Row 2,0
Red Dead Redemption,0
Dead Island,0
South Park: The Stick Of Truth,0
Call Of Duty: Black Ops,0
Dragon Age: Origins,0
Syberia,0
Dmc: Devil May Cry,0
Dead Space 2,0
The Bureau: Xcom Declassified,0
Fallout 3,0
Batman: Arkham City,0
Beyond: Two Souls,0
Goat Simulator,0
Battlefield 4,0
Homefront,0
Sniper Elite V2,0
Dragon Age: Inquisition,0
Resident Evil 6,0
The Sims 4,0
Call Of Duty: Modern Warfare 3,0
Sleeping Dogs,0
Bayonetta,0
Call Of Duty: Black Ops Ii,0
"Warhammer 40,000: Space Marine",0
Metal Gear Rising: Revengeance,0
Batman: Arkham Asylum,0
Assassin'S Creed Syndicate,0
Lego The Lord Of The Rings,0
Tropico 4,0
Ryse: Son Of Rome,0
The Evil Within,0
Murdered: Soul Suspect,0
Assassin'S Creed,0
Darksiders Ii,0
Lego The Hobbit,0
Serious Sam 3: Bfe,0
Remember Me,0
Child Of Light,0
Destiny,0
Far Cry 2,0
F.E.A.R. 3,0
F.E.A.R. 2: Project Origin,0
Dying Light,0
Battlefield 3,0
Dirt Showdown,0
Medal Of Honor,0
Tomb Raider: Underworld,0
Red Faction: Guerrilla,0
Binary Domain,0
Crysis,0
Rage,0
Mass Effect 3,0
Hitman 2: Silent Assassin,0
Call Of Duty: World At War,0
Bully: Scholarship Edition,0
Red Faction: Armageddon,0
Call Of Duty 4: Modern Warfare,0
Tomb Raider: Legend,0
Metro: Last Light,0
Sonic Generations,0
Battlefield: Bad Company 2,0
Tomb Raider: Anniversary,0
Lego Marvel Super Heroes,0
Saints Row: Gat Out Of Hell,0
Final Fantasy Xiii,0
Sniper Elite 3,0
F1 2015,0
Prince Of Persia (2008),0
Viking: Battle For Asgard,0
Dead Rising 2,0
Overlord Ii,0
Alpha Protocol,0
Littlebigplanet 3,0
Need For Speed: Hot Pursuit,0
Bulletstorm,0
Star Wars: The Force Unleashed Ii,0
Far Cry,0
Kane & Lynch 2: Dog Days,0
Call Of Duty: Advanced Warfare,0
Risen 2: Dark Waters,0
Vanquish,0
Tom Clancy'S Splinter Cell: Conviction,0
Duke Nukem Forever,0
Fable Iii,0
Alice: Madness Returns,0
Need For Speed Rivals,0
Call Of Duty: Ghosts,0
Trials Fusion,0
The Elder Scrolls Iv: Oblivion,0
Dungeon Defenders,0
Sonic & All-Stars Racing Transformed,0
Dead Space 3,0
Hitman: Contracts,0
Catherine,0
Need For Speed: Most Wanted,0
Brink,0
Dark Souls Ii,0
Two Worlds Ii,0
Dragon Age: Origins - Ultimate Edition,0
Dirt 3,0
Mini Ninjas,0
Lego Batman 3: Beyond Gotham,0
Fifa 17,0
Sonic Adventure 2,0
Kingdoms Of Amalur: Reckoning,0
Sonic Adventure Dx: Director'S Cut,0
Defiance,0
Lego Harry Potter: Years 1-4,0
The Sims 3,0
Crysis 3,0
Ducktales: Remastered,0
The Crew,0
Fifa 15,0
Project Cars,0
Operation Flashpoint: Dragon Rising,0
Back To The Future: The Game,0
Crysis 2,0
Sniper: Ghost Warrior 2,0
Dead Rising,0
Deadpool,0
Diablo Iii,0
Sniper: Ghost Warrior,0
Supreme Commander 2,0
Nba 2K16,0
Prince Of Persia: The Forgotten Sands,0
Halo 4,0
The Last Remnant,0
Devil May Cry 4,0
Contrast,0
Fifa 14,0
Command & Conquer: Red Alert 3,0
Lost Planet 3,0
X-Blades,0
Titanfall,0
Risen 3: Titan Lords,0
Lego Harry Potter: Years 5-7,0
Ultra Street Fighter Iv,0
Grand Theft Auto 2,0
Devil May Cry Hd Collection,0
Operation Flashpoint: Red River,0
Tales Of Zestiria,0
Castlevania: Lords Of Shadow 2,0
Call Of Juarez: Bound In Blood,0
Dante'S Inferno,0
Lego Star Wars: The Force Awakens,0
Halo 3: Odst,0
Need For Speed: Shift,0
Red Faction Ii,0
Singularity,0
Lego Marvel'S Avengers,0
Dc Universe Online,0
Grid Autosport,0
Need For Speed Carbon,0
Skate 3,0
Bejeweled 3,0
Dead Rising 2: Off The Record,0
Split/Second,0
Lego Jurassic World,0
Lego Indiana Jones: The Original Adventures,0
Doom,0
Lost Planet: Extreme Condition,0
Sonic & Sega All-Stars Racing,0
Castlevania: Lords Of Shadow,0
Battlefield: Bad Company,0
Devil May Cry 3: Dante'S Awakening Special Edition,0
The Testament Of Sherlock Holmes,0
Lost Planet 2,0
The Saboteur,0
Sacred 3,0
Timeshift,0
Mighty No. 9,0
Street Fighter X Tekken,0
The Orange Box,0
Transformers: Devastation,0
Sonic The Hedgehog 2,0
Star Wars: The Force Unleashed,0
Legendary,0
Castlevania: Lords Of Shadow - Mirror Of Fate,0
Fifa 12,0
Blades Of Time,0
Ea Sports Ufc 2,0
Dead Rising 3,0
Medal Of Honor: Airborne,0
Call Of Duty 3,0
Bound By Flame,0
Saints Row,0
Street Fighter Iv,0
Evolve,0
Devil May Cry 3: Dante'S Awakening,0
Nba 2K17,0
Ea Sports Ufc,0
Tom Clancy'S Ghost Recon: Future Soldier,0
Clive Barker'S Jericho,0
Destroy All Humans!,0
Wolfenstein,0
Wwe 2K16,0
Ssx,0
Nba 2K14,0
The Chronicles Of Riddick: Assault On Dark Athena,0
Need For Speed: Prostreet,0
Midnight Club: Los Angeles,0
Dark Sector,0
Devil May Cry,0
F1 Race Stars,0
Lego Indiana Jones 2: The Adventure Continues,0
The Darkness,0
Halo Wars,0
Tekken 6,0
Tom Clancy'S Ghost Recon Advanced Warfighter 2,0
Brothers In Arms: Hell'S Highway,0
Pure,0
Lego Pirates Of The Caribbean: The Video Game,0
Marvel: Ultimate Alliance 2,0
Resident Evil: Operation Raccoon City,0
Pac-Man,0
Naruto Shippuden: Ultimate Ninja Storm Revolution,0
Frontlines: Fuel Of War,0
Lollipop Chainsaw,0
Fuel,0
Rayman Raving Rabbids,0
Sonic Adventure,0
Tom Clancy'S Ghost Recon: Advanced Warfighter,0
Ridge Racer Unbounded,0
Stranglehold,0
Sonic Unleashed,0
Army Of Two: The 40Th Day,0
Transformers: Fall Of Cybertron,0
Spider-Man 3,0
Front Mission Evolved,0
Dark Void,0
Nba 2K15,0
F1 2012,0
Enemy Front,0
Pro Evolution Soccer 2017,0
R.U.S.E.,0
Pro Evolution Soccer 2016,0
Puzzle Quest: Challenge Of The Warlords,0
Dead Or Alive 5,0
Tom Clancy'S Endwar,0
Army Of Two,0
Damnation,0
Medal Of Honor: Warfighter,0
F1 2011,0
Kung Fu Panda: Showdown Of Legendary Legends,0
Blur,0
Devil May Cry 2,0
Wet,0
The Godfather Ii,0
Spider-Man: Shattered Dimensions,0
Pro Evolution Soccer 2015,0
Nail'D,0
Tekken Tag Tournament 2,0
Harry Potter And The Order Of The Phoenix,0
Test Drive Unlimited,0
The Simpsons Game,0
Tom Clancy'S Splinter Cell: Pandora Tomorrow,0
The Book Of Unwritten Tales 2,0
F1 2013,0
Rocksmith,0
Call Of Juarez: The Cartel,0
Harry Potter And The Half-Blood Prince,0
Wwe 2K15,0
Aliens: Colonial Marines,0
Spider-Man: Web Of Shadows,0
Escape Dead Island,0
Tmnt,0
Guitar Hero Iii: Legends Of Rock,0
Condemned 2: Bloodshot,0
Madden Nfl 16,0
X-Men Origins: Wolverine,0
Puyo Puyo Tetris,0
Full Spectrum Warrior,0
Injustice: Gods Among Us,0
F1 2010,0
Madden Nfl 15,0
Rogue Warrior,0
Madden Nfl 17,0
Disney Infinity,0
Sword Art Online: Lost Song,0
Tales Of Vesperia,0
Resonance Of Fate,0
Pro Evolution Soccer 2014,0
The Lord Of The Rings: Conquest,0
De Blob 2,0
Eternal Sonata,0
Yaiba: Ninja Gaiden Z,0
Star Wars Episode I Racer,0
Inversion,0
Nhl 15,0
Nba 2K12,0
Nba 2K9,0
Air Conflicts: Secret Wars,0
Halo: Combat Evolved Anniversary,0
Lego Dimensions,0
The Walking Dead: Survival Instinct,0
Wanted: Weapons Of Fate,0
F1 2014,0
Secret Of Mana,0
Nba 2K13,0
Pirates Of The Caribbean: At World'S End,0
Wwe 2K14,0
Ride,0
Ace Combat 6: Fires Of Liberation,0
Legend Of Kay Anniversary,0
Resident Evil Zero,0
Lego Rock Band,0
Warhawk,0
Kingdom Hearts Re:Coded,0
Way Of The Samurai 3,0
Iron Man,0
Kinectimals,0
Gunstar Heroes,0
Star Ocean: The Last Hope,0
Madden Nfl 12,0
Naughty Bear,0
James Bond 007: Blood Stone,0
Angry Birds Star Wars,0
Enemy Territory: Quake Wars,0
Spider-Man: Friend Or Foe,0
The Cursed Crusade,0
Silent Hill: Downpour,0
Thrillville: Off The Rails,0
Family Guy: Back To The Multiverse,0
Nhl 10,0
Dragon Ball Z: Burst Limit,0
Angry Birds Trilogy,0
Nhl 14,0
Skylanders Giants,0
Nhl 13,0
Nba 2K11,0
Motogp 14,0
Monopoly,0
Shellshock 2: Blood Trails,0
Nhl 12,0
Nhl 11,0
Virtua Tennis 3,0
Virtua Tennis 2009,0
Skylanders Swap Force,0
Green Day: Rock Band,0
El Shaddai: Ascension Of The Metatron,0
Nhl 09,0
Shrek The Third,0
Sonic'S Ultimate Genesis Collection,0
Guitar Hero: Warriors Of Rock,0
Spider-Man: Edge Of Time,0
Ice Age: Dawn Of The Dinosaurs,0
Turning Point: Fall Of Liberty,0
Tony Hawk'S Pro Skater 5,0
Brain Challenge,0
Madagascar: Escape 2 Africa,0
Prison Break: The Conspiracy,0
The Legend Of Spyro: Dawn Of The Dragon,0
Iron Man 2,0
Stormrise,0
Juiced 2: Hot Import Nights,0
Csi: Hard Evidence,0
Beowulf: The Game,0
Nba 2K10,0
Warriors Orochi,0
Blazing Angels: Squadrons Of Wwii,0
Ea Sports Active 2,0
Nhl 07,0
Nhl 08,0
Tiger Woods Pga Tour 10,0
Ncaa Football 10,0
Shaun White Snowboarding,0
Ncaa Football 11,0
Ncaa Football 12,0
Sonic Adventure 2 Battle,0
Vancouver 2010 - The Official Video Game Of The Olympic Winter Games,0
Thor: God Of Thunder,0
Captain America: Super Soldier,0
Blazing Angels 2: Secret Missions Of Wwii,0
Ncaa Football 13,0
Ncaa Football 14,0
Tiger Woods Pga Tour 07,0
Tiger Woods Pga Tour 11,0
Bakugan: Battle Brawlers,0
Dragon'S Lair,0
The Golden Compass,0
Sid Meier'S Civilization Revolution,0
The Adventures Of Tintin: The Game,0
Tiger Woods Pga Tour 08,0
Tiger Woods Pga Tour 06,0
Warriors Orochi 3,0
The Chronicles Of Narnia: Prince Caspian,0
Dynasty Warriors: Strikeforce,0
Tony Hawk: Ride,0
Fight Night Round 3,0
Tony Hawk'S Proving Ground,0
Green Lantern: Rise Of The Manhunters,0
Dragon Ball Z: Ultimate Tenkaichi,0
Hot Wheels: Beat That!,0
Goldeneye 007: Reloaded,0
Don Bradman Cricket 14,0
Transformers: Dark Of The Moon,0
Fantastic Four: Rise Of The Silver Surfer,0
The Witcher 3: Wild Hunt,2
Left 4 Dead 2,2
Half-Life 2,2
Doom (2016),2
Rocket League,2
Rise Of The Tomb Raider,2
Batman: Arkham Knight,2
Half-Life,2
Dark Souls Iii,2
Far Cry 3,2
Alan Wake,2
Prey,2
Sid Meier'S Civilization V,2
Grand Theft Auto: Vice City,2
Counter-Strike,2
Left 4 Dead,2
Bloodborne,2
Journey,2
Cities: Skylines,2
Xcom: Enemy Unknown,2
Brothers: A Tale Of Two Sons,2
Psychonauts,2
Heavy Rain,2
Max Payne 3,2
Alien: Isolation,2
The Wolf Among Us,2
Xcom 2,2
Call Of Duty: Modern Warfare 2,2
This War Of Mine,2
Grand Theft Auto Iii,2
The Last Of Us,2
Star Wars: Knights Of The Old Republic,2
Halo: The Master Chief Collection,2
Rayman Legends,2
Uncharted 3: Drake'S Deception,2
Deus Ex: Human Revolution,2
Ratchet & Clank,2
Until Dawn,2
S.T.A.L.K.E.R.: Shadow Of Chernobyl,2
Hitman: Blood Money,2
Oddworld: Abe'S Oddysee,2
Max Payne,2
Braid,2
Resident Evil,2
F.E.A.R.,2
Resident Evil 2,2
Final Fantasy Vii,2
The Elder Scrolls Iii: Morrowind,2
The Talos Principle,2
Divinity: Original Sin,2
Burnout Paradise: The Ultimate Box,2
Persona 5,2
Max Payne 2: The Fall Of Max Payne,2
Pillars Of Eternity,2
Machinarium,2
Yakuza Kiwami,2
S.T.A.L.K.E.R.: Call Of Pripyat,2
World Of Goo,2
Sunset Overdrive,2
Star Wars Jedi Knight: Jedi Academy,2
Uncharted 2: Among Thieves,2
Doom 3,2
Star Wars Jedi Knight Ii: Jedi Outcast,2
Rayman Origins,2
Spore,2
Overwatch,2
Prince Of Persia: The Sands Of Time,2
Star Wars: Republic Commando,2
Gears Of War,2
Dark Souls,2
Valkyria Chronicles,2
Quake,2
Halo 3,2
Prince Of Persia: Warrior Within,2
Halo: Reach,2
Gears Of War 2,2
Fable: The Lost Chapters,2
Sid Meier'S Civilization Iv,2
Star Wars: The Old Republic,2
Prince Of Persia: The Two Thrones,2
Call Of Duty 2,2
Demon'S Souls,2
God Of War Ii,2
Medieval Ii: Total War,2
Hearts Of Iron Iv,2
Burnout Paradise,2
Naruto Shippuden: Ultimate Ninja Storm 4,2
Gears Of War 3,2
Crash Bandicoot 3: Warped,2
Plants Vs. Zombies,2
Fable Ii,2
Halo 5: Guardians,2
Final Fantasy X/X-2 Hd Remaster,2
Beyond Good & Evil,2
Empire: Total War,2
Littlebigplanet,2
Total War: Warhammer,2
Sid Meier'S Pirates!,2
Final Fantasy Ix,2
Commandos 2: Men Of Courage,2
Tom Clancy'S Splinter Cell,2
Metal Gear Solid,2
King'S Bounty: Armored Princess,2
God Of War Iii,2
Metal Gear Solid 4: Guns Of The Patriots,2
Infamous 2,2
Shovel Knight,2
Final Fantasy Xiv: A Realm Reborn,2
Forza Horizon 3,2
Danganronpa: Trigger Happy Havoc,2
Diablo Ii,2
Final Fantasy Viii,2
Gears Of War: Ultimate Edition,2
Rift,2
The Legend Of Zelda: Ocarina Of Time,2
Ico,2
Jak And Daxter: The Precursor Legacy,2
Castlevania: Symphony Of The Night,2
Danganronpa 2: Goodbye Despair,2
Infamous,2
Ni No Kuni: Wrath Of The White Witch,2
Metal Gear Solid 3: Snake Eater,2
Steins;Gate,2
Banjo-Kazooie,2
Super Mario Galaxy,2
Forza Horizon 2,2
Gravity Rush,2
Final Fantasy Vi,2
Super Mario World,2
The Longest Journey,2
Super Mario 64,2
Forza Horizon,2
Command & Conquer 3: Tiberium Wars,2
The Legend Of Zelda: A Link To The Past,2
World Of Warcraft,2
Lego City Undercover,2
Silent Hill,2
Starcraft,2
Chrono Trigger,2
Shadow Of The Colossus,2
Metal Gear Solid 2: Sons Of Liberty,2
God Of War: Ghost Of Sparta,2
The Witcher 2: Assassins Of Kings,2
God Of War: Chains Of Olympus,2
The Legend Of Zelda: Majora'S Mask,2
Perfect Dark,2
Diablo,2
Forza Motorsport 3,2
Bayonetta 2,2
The Sims 2,2
Forza Motorsport 6,2
Super Mario Galaxy 2,2
Resistance 2,2
Killzone 2,2
Forza Motorsport 4,2
Bully,2
Tekken 3,2
Lost Odyssey,2
Jak Ii,2
Rome: Total War,2
Halo: Combat Evolved,2
Gran Turismo 5,2
Final Fantasy X,2
The Legend Of Zelda: A Link Between Worlds,2
The Witcher,2
Silent Hill 3,2
The Legend Of Zelda: Skyward Sword,2
Phoenix Wright: Ace Attorney,2
Halo 2,2
Asura'S Wrath,2
The Sims,2
Ikaruga,2
Jak 3,2
Tearaway,2
Yakuza 3,2
Disney'S Aladdin,2
Kingdom Hearts,2
Metal Gear Solid 2: Substance,2
Super Mario Sunshine,2
Super Smash Bros. Melee,2
Command & Conquer: Red Alert 2,2
Tomb Raider,2
Kingdom Hearts Ii,2
Banjo-Tooie,2
Resident Evil 3: Nemesis,2
Nier,2
Riven: The Sequel To Myst,2
Super Mario 3D Land,2
Tony Hawk'S Pro Skater 2,2
Burnout Revenge,2
Mario Kart Wii,2
Super Smash Bros. Brawl,2
Metroid Prime,2
Brothers In Arms: Road To Hill 30,2
Planescape: Torment,2
Yakuza 5,2
Mario Kart 8,2
Donkey Kong Country: Tropical Freeze,2
The Legend Of Zelda: Majora'S Mask 3D,2
Onimusha: Warlords,2
Animal Crossing: New Leaf,2
Earthworm Jim 2,2
Rock Band 3,2
Crash Team Racing,2
Rayman 2: The Great Escape,2
Resistance 3,2
New Super Mario Bros. Wii,2
Mario Kart Ds,2
New Super Mario Bros.,2
Super Mario World 2: Yoshi'S Island,2
The Legend Of Zelda: Phantom Hourglass,2
Super Mario 3D World,2
Metal Gear Solid: Peace Walker,2
Ys Viii: Lacrimosa Of Dana,2
Need For Speed: Porsche Unleashed,2
Shin Megami Tensei: Persona 4,2
Command & Conquer: Red Alert,2
Luigi'S Mansion,2
Captain Toad: Treasure Tracker,2
Metroid: Zero Mission,2
The Legend Of Zelda: Spirit Tracks,2
Unreal Tournament,2
Wii Sports,2
Grand Theft Auto: Chinatown Wars,2
Spyro: Year Of The Dragon,2
Paper Mario: The Thousand-Year Door,2
Clannad,2
Mario Kart 7,2
Metroid Fusion,2
No More Heroes,2
Battlefield 1942,2
The Lord Of The Rings: The Return Of The King,2
Medal Of Honor: Frontline,2
Castlevania: Aria Of Sorrow,2
Okami,2
Rogue Galaxy,2
Dino Crisis,2
Donkey Kong Country Returns,2
Parasite Eve,2
Chrono Cross,2
New Super Mario Bros. U,2
Final Fantasy Tactics,2
Silent Hill: Shattered Memories,2
Xenoblade Chronicles,2
Rayman,2
Tony Hawk'S Pro Skater 4,2
Tony Hawk'S Underground 2,2
Tony Hawk'S Pro Skater 3,2
Super Mario Maker,2
Burnout 3: Takedown,2
Final Fantasy Xii,2
Red Dead Redemption: Undead Nightmare,2
Ratchet: Deadlocked,2
Final Fantasy X-2,2
Dragon Ball Z: Budokai Tenkaichi 3,2
Swat 4,2
Soulcalibur,2
Professor Layton And The Curious Village,2
Dino Crisis 2,2
Guitar Hero: Metallica,2
Need For Speed: High Stakes,2
Tekken 5,2
Metroid Prime 2: Echoes,2
Ratchet & Clank: Up Your Arsenal,2
Wii Sports Resort,2
Donkey Kong 64,2
Command & Conquer,2
Tony Hawk'S Pro Skater,2
No More Heroes 2: Desperate Struggle,2
Steins;Gate 0,2
Stronghold,2
Age Of Mythology,2
Animal Crossing,2
Syphon Filter,2
Mario & Luigi: Superstar Saga,2
Animal Crossing: Wild World,2
Ratchet & Clank: Going Commando,2
Gran Turismo 2,2
Gran Turismo,2
Apollo Justice: Ace Attorney,2
Ys Seven,2
Splatoon,2
Resistance: Fall Of Man,2
Dragon Quest Viii: Journey Of The Cursed King,2
Tom Clancy'S Rainbow Six,2
The Warriors,2
Golden Sun,2
Final Fantasy Tactics Advance,2
Phoenix Wright: Ace Attorney - Dual Destinies,2
Twisted Metal: Black,2
Fire Emblem: The Sacred Stones,2
Tony Hawk'S Underground,2
Shin Megami Tensei: Persona 3,2
Pikmin,2
Black & White,2
Sly Cooper And The Thievius Raccoonus,2
Metroid Prime 3: Corruption,2
Sly 2: Band Of Thieves,2
Xenoblade Chronicles X,2
Metal Gear Solid: The Twin Snakes,2
Onimusha 3: Demon Siege,2
Driver 2,2
Metal Gear Solid: Portable Ops,2
Gran Turismo 4,2
Kid Icarus: Uprising,2
Ratchet & Clank Future: Tools Of Destruction,2
Parasite Eve Ii,2
Persona 2: Eternal Punishment,2
Locoroco,2
Fatal Frame Ii: Crimson Butterfly,2
Castlevania: Dawn Of Sorrow,2
Fire Emblem: Path Of Radiance,2
Mario & Luigi: Partners In Time,2
Shenmue Ii,2
Pikmin 3,2
Shin Megami Tensei Iv,2
Medal Of Honor: Underground,2
Super Paper Mario,2
Metroid Prime: Trilogy,2
The Legend Of Dragoon,2
Conker'S Bad Fur Day,2
Metal Gear Solid Hd Edition,2
Suikoden Ii,2
God Of War Collection,2
Silent Hunter Iii,2
Eternal Darkness: Sanity'S Requiem,2
Sly 3: Honor Among Thieves,2
Super Mario Strikers,2
Diddy Kong Racing,2
Mario Party,2
Mario & Luigi: Dream Team,2
Kirby'S Epic Yarn,2
Warioware: Smooth Moves,2
Psi-Ops: The Mindgate Conspiracy,2
Kirby: Triple Deluxe,2
Wario Land 4,2
Fire Emblem: Radiant Dawn,2
Kirby: Planet Robobot,2
Ape Escape,2
Timesplitters 2,2
Guitar Hero,2
Kirby Super Star Ultra,2
Castlevania: Order Of Ecclesia,2
Castlevania: Circle Of The Moon,2
X-Men Legends Ii: Rise Of Apocalypse,2
Skies Of Arcadia,2
Kirby & The Amazing Mirror,2
F-Zero Gx,2
Sonic Advance,2
Grandia,2
Top Spin 4,2
Spongebob Squarepants: Battle For Bikini Bottom,2
Nintendo Land,2
Castlevania: Portrait Of Ruin,2
Valkyrie Profile,2
Timesplitters: Future Perfect,2
Monster Hunter 4 Ultimate,2
Metroid Prime Hunters,2
Sonic Rush,2
Dragon Ball Z: Budokai Tenkaichi 2,2
Ssx Tricky,2
Ssx 3,2
Kirby: Nightmare In Dream Land,2
Dragon Quest Ix: Sentinels Of The Starry Skies,2
Locoroco 2,2
Golden Sun: The Lost Age,2
Yakuza 2,2
Madworld,2
Parappa The Rapper,2
Tenchu: Stealth Assassins,2
Mario Power Tennis,2
The Last Story,2
Onimusha 2: Samurai'S Destiny,2
Tactics Ogre: Let Us Cling Together,2
Monster Hunter Freedom Unite,2
Final Fight,2
Star Fox 64 3D,2
Super Mario Advance,2
God Of War: Origins Collection,2
Toca Race Driver 3,2
Elite Beat Agents,2
Motorstorm,2
We Love Katamari,2
F-Zero X,2
Professor Layton And The Azran Legacy,2
Tenchu 2: Birth Of The Stealth Assassins,2
Kirby: Canvas Curse,2
Shin Megami Tensei: Digital Devil Saga 2,2
Burnout 2: Point Of Impact,2
Burnout Legends,2
Rez,2
The Sly Collection,2
Golden Sun: Dark Dawn,2
Jeanne D'Arc,2
Xenosaga Episode I: Der Wille Zur Macht,2
Ace Combat 5: The Unsung War,2
Harvest Moon: Back To Nature,2
Donkey Kong Jungle Beat,2
Live A Live,2
Phantasy Star Online,2
Trauma Center: Under The Knife,2
Ninja Gaiden Sigma,2
Shin Megami Tensei: Strange Journey,2
X-Men Legends,2
The Incredible Hulk: Ultimate Destruction,2
Railroad Tycoon Ii,2
Wwe Smackdown! Vs. Raw 2006,2
Jet Force Gemini,2
Harvest Moon: Friends Of Mineral Town,2
Fear Effect 2: Retro Helix,2
Odin Sphere,2
R4: Ridge Racer Type 4,2
Bushido Blade,2
Total War: Shogun 2 - Fall Of The Samurai,2
Mario Golf: Toadstool Tour,2
Dead Or Alive 3,2
Star Ocean: The Second Story,2
Conker: Live And Reloaded,2
Donkey Konga,2
Mega Man Battle Network 2,2
Shadow Hearts: Covenant,2
Red Steel 2,2
Klonoa 2: Lunatea'S Veil,2
Brave Fencer Musashi,2
Pokepark 2: Wonders Beyond,2
Saga Frontier,2
Destiny: The Taken King,2
Sonic Mega Collection,2
Tactics Ogre: The Knight Of Lodis,2
Mario Tennis: Power Tour,2
Ogre Battle 64: Person Of Lordly Caliber,2
Wwe Smackdown! Here Comes The Pain,2
Super Street Fighter Iv: 3D Edition,2
Zack & Wiki: Quest For Barbaros' Treasure,2
Maximo: Ghosts To Glory,2
Incredible Crisis,2
Panzer Dragoon Orta,2
F-Zero: Maximum Velocity,2
Dragon Quest Heroes: Rocket Slime,2
Dragon Ball Z: The Legacy Of Goku Ii,2
Jet Li: Rise To Honor,2
Boktai: The Sun Is In Your Hand,2
Rune Factory: Frontier,2
Radiata Stories,2
Ace Combat X: Skies Of Deception,2
Fuzion Frenzy,2
Wipeout Pulse,2
Monster Rancher 2,2
Wwf No Mercy,2
Diddy Kong Racing Ds,2
Harvest Moon: Tree Of Tranquility,2
Deus Ex: Mankind Divided,1
Company Of Heroes 2,1
Counter-Strike: Source,1
Total War: Shogun 2,1
Magicka,1
Lara Croft And The Temple Of Osiris,1
Dirt Rally,1
The Binding Of Isaac,1
Quantum Break,1
Euro Truck Simulator 2,1
Company Of Heroes,1
Wolfenstein: The Old Blood,1
Prison Architect,1
Stellaris,1
Overlord,1
Deponia,1
S.T.A.L.K.E.R.: Clear Sky,1
Street Fighter V,1
Torchlight,1
Just Cause,1
Mount & Blade: Warband,1
Enclave,1
Titan Quest,1
Mirror'S Edge Catalyst,1
World Of Tanks,1
Tropico 5,1
Eve Online,1
Arma Ii,1
Company Of Heroes: Opposing Fronts,1
Risen,1
Tropico 3,1
Gothic 3,1
Company Of Heroes: Tales Of Valor,1
"Warhammer 40,000: Dawn Of War Ii",1
Infamous: First Light,1
Tomb Raider Ii,1
Condemned: Criminal Origins,1
Mount & Blade,1
Trackmania Turbo,1
Overlord: Raising Hell,1
Tales Of Berseria,1
Flatout 2,1
Assetto Corsa,1
Goodbye Deponia,1
State Of Decay,1
Flatout,1
Teslagrad,1
Age Of Empires Iii: Complete Collection,1
Zombie Army Trilogy,1
Edna & Harvey: Harvey'S New Eyes,1
Supreme Commander,1
Supreme Commander: Forged Alliance,1
The Night Of The Rabbit,1
Homefront: The Revolution,1
Worms Reloaded,1
Commandos 3: Destination Berlin,1
Botanicula,1
Sniper Elite,1
Tearaway Unfolded,1
Sid Meier'S Civilization: Beyond Earth,1
Evil Genius,1
God Eater 2: Rage Burst,1
The Bard'S Tale,1
God Eater Resurrection,1
Star Trek Online,1
Call Of Juarez,1
Arx Fatalis,1
Flatout: Ultimate Carnage,1
Battleborn,1
Napoleon: Total War,1
Heroes Of Might And Magic V,1
Phoenix Wright: Ace Attorney Trilogy,1
Gravity Rush Remastered,1
Oil Rush,1
Call Of Cthulhu: Dark Corners Of The Earth,1
Worms Blast,1
Velvet Assassin,1
Europa Universalis Iii Complete,1
Men Of War: Assault Squad,1
Rush,1
Sid Meier'S Railroads!,1
Spore Galactic Adventures,1
Battlestations: Midway,1
Stronghold Kingdoms,1
The Void,1
Stubbs The Zombie In Rebel Without A Pulse,1
X3: Terran Conflict,1
Men Of War,1
Dreamfall: The Longest Journey,1
Zero Escape: Zero Time Dilemma,1
Still Life,1
Rollercoaster Tycoon 2: Triple Thrill Pack,1
War For The Overworld,1
Blazblue: Chrono Phantasma Extend,1
Recore,1
Hearts Of Iron Iii,1
Wildstar,1
Still Life 2,1
Gun Metal,1
Take On Helicopters,1
Project: Snowblind,1
Carmageddon: Max Damage,1
The Inner World,1
Total War: Attila,1
The Technomancer,1
Post Mortem,1
Motorstorm: Apocalypse,1
The Book Of Unwritten Tales,1
Marc Ecko'S Getting Up: Contents Under Pressure,1
Command & Conquer 3: Kane'S Wrath,1
Il-2 Sturmovik: 1946,1
Conflict: Denied Ops,1
Bloodrayne 2,1
Rollercoaster Tycoon 3: Platinum,1
Doom 64,1
Earthworm Jim,1
Cities In Motion,1
Blazblue: Continuum Shift Extend,1
Sherlock Holmes: The Mystery Of The Mummy,1
The First Templar,1
Order Of War,1
Obscure,1
Song Of The Deep,1
Shadows Of The Damned,1
A Boy And His Blob,1
Ys: The Oath In Felghana,1
Grand Kingdom,1
Rayman 3: Hoodlum Havoc,1
Puppeteer,1
Hospital Tycoon,1
Killer7,1
Peggle Nights,1
Kinect Sports,1
Cut The Rope,1
Sins Of A Solar Empire: Trinity,1
The Next Big Thing,1
Space Hulk,1
Scribblenauts Unmasked: A Dc Comics Adventure,1
The Legend Of Heroes: Trails Of Cold Steel,1
Command & Conquer 4: Tiberian Twilight,1
Soul Sacrifice,1
Cold Fear,1
Motorstorm Rc,1
Railroad Tycoon 3,1
Sudeki,1
Trapped Dead,1
Demigod,1
Summoner,1
Patrician Iv,1
Danganronpa Another Episode: Ultra Despair Girls,1
Tokyo Xanadu Ex+,1
Men Of War: Vietnam,1
Breach,1
Dungeons,1
Tokyo Jungle,1
Gray Matter,1
Too Human,1
Dungeons - The Dark Lord,1
Secret Files: Tunguska,1
Dream Pinball 3D,1
Cossacks: European Wars,1
Gt Legends,1
Freedom Wars,1
The Book Of Unwritten Tales: The Critter Chronicles,1
Fairy Fencer F,1
Disgaea 5: Alliance Of Vengeance,1
Giants: Citizen Kabuto,1
X Rebirth,1
Elven Legacy,1
Ninja Blade,1
Advent Rising,1
The Elder Scrolls Online,1
Blitzkrieg 2 Anthology,1
Iron Storm,1
Lost Horizon,1
Knights Of Honor,1
Darkstar One,1
Alter Ego,1
Anno 2205,1
Might & Magic Heroes Vii,1
Driver: Parallel Lines,1
Worms Forts: Under Siege,1
Ys: Memories Of Celceta,1
Ratchet & Clank: Into The Nexus,1
Full Spectrum Warrior: Ten Hammers,1
Angry Birds,1
The Club,1
Theatre Of War,1
Kingdom Hearts Re: Chain Of Memories,1
Indiana Jones And The Emperor'S Tomb,1
Off-Road Drive,1
Urban Chaos,1
Imperial Glory,1
Batman: Arkham Origins Blackgate,1
Safecracker: The Ultimate Puzzle Adventure,1
Touch My Katamari,1
Impossible Creatures,1
Rogue Trooper,1
Crazy Machines,1
Ceville,1
Resistance: Burning Skies,1
Praetorians,1
Ghost Pirates Of Vooju Island,1
Way Of The Samurai 4,1
Port Royale 2,1
Earth Defense Force: Insect Armageddon,1
7 Wonders Ii,1
Assassin'S Creed Chronicles,1
Chaos;Child,1
Ship Simulator Extremes,1
Airline Tycoon 2,1
Cold War,1
3D Dot Game Heroes,1
Ape Escape 2,1
Deadly Premonition,1
Toukiden 2,1
Forgotten Realms: Demon Stone,1
Ratchet & Clank: Full Frontal Assault,1
Drakengard 3,1
Siren,1
Sébastien Loeb Rally Evo,1
Zoo Tycoon,1
7 Wonders Of The Ancient World,1
Atelier Sophie: The Alchemist Of The Mysterious Book,1
Worms 3D,1
The Lost Vikings,1
N3: Ninety-Nine Nights,1
Second Sight,1
Onechanbara Z2: Chaos,1
Nights Of Azure,1
Destroy All Humans! 2,1
Conan,1
Armed And Dangerous,1
Puzzle Quest 2,1
Afro Samurai,1
Secret Files 2: Puritas Cordis,1
Commander: Conquest Of The Americas,1
Fatal Frame,1
Grand Ages: Medieval,1
Oni,1
East India Company,1
Obscure: The Aftermath,1
Jack Keane,1
The Great Escape,1
Anarchy Reigns,1
Persona 4: Dancing All Night,1
Black & White 2,1
Psycho-Pass: Mandatory Happiness,1
Paperboy,1
Battlefield Vietnam,1
Hotel Giant 2,1
Ratchet & Clank: Size Matters,1
Battlezone,1
Shin Megami Tensei: Persona,1
Worms World Party,1
Shadow Ops: Red Mercury,1
Soul Sacrifice Delta,1
Puzzle Quest: Galactrix,1
Darkstalkers Resurrection,1
Ratchet & Clank Future: Quest For Booty,1
God Hand,1
Eragon,1
Yakuza: Dead Souls,1
Tenchu Z,1
Fuzion Frenzy 2,1
A Vampyre Story,1
Battle Worlds: Kronos,1
Castlevania: Harmony Of Dissonance,1
Phantasy Star Universe,1
Catwoman,1
Full Auto,1
Arslan: The Warriors Of Legend,1
Katamari Forever,1
Tycoon City: New York,1
Conception Ii: Children Of The Seven Stars,1
Parappa The Rapper 2,1
Drakengard,1
Fable: The Journey,1
Rule Of Rose,1
Neogeo Battle Coliseum,1
Fire Emblem: Shadow Dragon,1
Contra Iii: The Alien Wars,1
Wild Arms 3,1
Fatal Frame Iii: The Tormented,1
Rollercoaster Tycoon World,1
Primal,1
Haunting Ground,1
Grandia Ii,1
Wii Play,1
Syphon Filter 3,1
Criminal Girls: Invite Only,1
Dragon Ball Z: Battle Of Z,1
Nitroplus Blasterz: Heroines Infinite Duel,1
Fatal Frame: Maiden Of Black Water,1
Samurai Warriors 4,1
Deathsmiles,1
The Golf Club,1
Bejeweled Twist,1
The 3Rd Birthday,1
Shin Megami Tensei: Digital Devil Saga,1
Men Of Valor,1
Castlevania: The Dracula X Chronicles,1
Castlevania: Curse Of Darkness,1
Vietcong,1
Barnyard,1
Little King'S Story,1
Nancy Drew: The White Wolf Of Icicle Creek,1
Il-2 Sturmovik: Cliffs Of Dover,1
The King Of Fighters '97,1
Medal Of Honor: European Assault,1
Shin Megami Tensei,1
Zone Of The Enders,1
Mario & Sonic At The Olympic Games,1
Mario & Luigi: Paper Jam,1
Darkest Of Days,1
Onechanbara: Bikini Samurai Squad,1
Bugs Bunny & Taz: Time Busters,1
Blackthorne,1
Looney Tunes: Sheep Raider,1
Top Spin 2,1
Shattered Union,1
Mindjack,1
Valkyria Chronicles Ii,1
Quantum Theory,1
Mario Party 9,1
Tom Clancy'S Rainbow Six: Rogue Spear,1
Burnout Dominator,1
Code Of Princess,1
Disney'S Aladdin In Nasira'S Revenge,1
Secret Agent Clank,1
Sorcery Saga: The Curse Of The Great Curry God,1
Siren: Blood Curse,1
15 Days,1
Chaos Legion,1
Shadow Hearts,1
Drakengard 2,1
Atelier Escha & Logy: Alchemists Of The Dusk Sky,1
The Witch And The Hundred Knight,1
The King Of Fighters '99,1
Darkwatch,1
Folklore,1
The Wonderful 101,1
Time Commando,1
Onimusha: Dawn Of Dreams,1
Gladiator: Sword Of Vengeance,1
Motionsports,1
Warriors Orochi 2,1
Mega Man Zero,1
Shin Megami Tensei: Devil Summoner - Raidou Kuzunoha Vs. The Soulless Army,1
The Getaway,1
Wario World,1
Mega Man Battle Network,1
Shadow Of Rome,1
Kinect Adventures!,1
The Spiderwick Chronicles,1
Pandora'S Tower,1
Arc The Lad: Twilight Of The Spirits,1
Prince Of Persia: Revelations,1
Kuon,1
Armored Core 4,1
Castlevania Chronicles,1
Timesplitters,1
Toukiden: The Age Of Demons,1
Mind Zero,1
Ray Gigant,1
Ape Escape 3,1
Crazy Taxi 2,1
Mega Man Zero 2,1
Dead Or Alive,1
Suikoden V,1
Shin Megami Tensei: Devil Summoner 2 - Raidou Kuzunoha Vs. King Abaddon,1
Disney'S The Emperor'S New Groove,1
Sakura Wars,1
Pitfall: The Big Adventure,1
The Italian Job,1
Grandia Iii,1
Blood Bowl,1
Baten Kaitos: Eternal Wings And The Lost Ocean,1
Digimon World 2,1
Tales Of Eternia,1
Syphon Filter: Logan'S Shadow,1
Mega Man Zero 3,1
Pursuit Force,1
Prince Of Persia: Rival Swords,1
Ar Nosurge: Ode To An Unborn Star,1
Naruto: Ultimate Ninja,1
Resident Evil: Deadly Silence,1
Okamiden,1
Sonic Chronicles: The Dark Brotherhood,1
Mega Man Zero 4,1
Bleach: Soul Resurreccion,1
Medal Of Honor: Vanguard,1
Metal Slug Advance,1
Mega Man Zx,1
Tenchu: Shadow Assassins,1
Clock Tower 3,1
Etrian Odyssey Untold: The Millennium Girl,1
Xenosaga Episode Iii: Also Sprach Zarathustra,1
Road Rash: Jailbreak,1
Uppers,1
Blinx: The Time Sweeper,1
Suikoden Iv,1
Ace Combat Zero: The Belkan War,1
Pro Cycling Manager 2016,1
Mega Man Maverick Hunter X,1
Riviera: The Promised Land,1
Way Of The Samurai,1
Etrian Odyssey,1
Stolen,1
Fate/Extra,1
Valhalla Knights 3,1
Dragon Ball Z: Buu'S Fury,1
Far Cry Instincts,1
Disney'S Treasure Planet,1
Duke Nukem: Land Of The Babes,1
Batman Beyond: Return Of The Joker,1
Me & My Katamari,1
Saint Seiya: Brave Soldiers,1
Animal Crossing: Amiibo Festival,1
Spy Hunter: Nowhere To Run,1
Naruto: Ultimate Ninja Heroes,1
Trauma Center: Second Opinion,1
Tales Of Legendia,1
World'S Scariest Police Chases,1
Serious Sam: Next Encounter,1
Buzz Lightyear Of Star Command,1
Tokyo Xanadu,1
Mega Man Zx Advent,1
Mega Man Powered Up,1
Dino Crisis 3,1
Dragon Ball Z: Supersonic Warriors,1
The Grinch,1
Etrian Odyssey Ii: Heroes Of Lagaard,1
Driver '76,1
Naruto Shippuden: Legends: Akatsuki Rising,1
Breath Of Fire: Dragon Quarter,1
Disney'S Tarzan Untamed,1
Digimon World 4,1
Big Brain Academy,1
Resident Evil: The Mercenaries 3D,1
Prinny: Can I Really Be The Hero?,1
Downhill Domination,1
Naruto: Ninja Council,1
Atelier Iris: Eternal Mana,1
Wild Arms 5,1
Saiyuki: Journey West,1
Age Of Empires: The Age Of Kings,1
Ar Tonelico: Melody Of Elemia,1
Stella Glow,1
Mario & Sonic At The London 2012 Olympic Games,1
Front Mission 4,1
Vanguard Bandits,1
Terminator 3: The Redemption,1
Pimp My Ride,1
Pursuit Force: Extreme Justice,1
Dead To Rights: Reckoning,1
Genji: Dawn Of The Samurai,1
Atelier Totori: The Adventurer Of Arland,1
Solatorobo: Red The Hunter,1
Trauma Center: Under The Knife 2,1
Lair,1
Vexx,1
Tekken Advance,1
White Knight Chronicles Ii,1
Dragon Ball Z: Infinite World,1
Etrian Odyssey Iii: The Drowned City,1
Shrek,1
Tomb Raider: The Prophecy,1
Dawn Of Mana,1
Mega Man Network Transmission,1
Cel Damage,1
Star Wars Episode I: Battle For Naboo,1
Summon Night: Swordcraft Story,1
Atelier Iris 2: The Azoth Of Destiny,1
Time Hollow,1
Trauma Center: New Blood,1
Rayman Advance,1
Banjo-Kazooie: Grunty'S Revenge,1
Tony Hawk'S Downhill Jam,1
Harvest Moon: Hero Of Leaf Valley,1
The Legendary Starfy,1
Disgaea 2: Dark Hero Days,1
Flatout: Head On,1
Srs: Street Racing Syndicate,1
Shining Force: Resurrection Of The Dark Dragon,1
18 Wheeler: American Pro Trucker,1
Mario Golf: World Tour,1
Mana Khemia: Student Alliance,1
King'S Field: The Ancient City,1
Yu-Gi-Oh! Capsule Monster Coliseum,1
Klonoa 2: Dream Champ Tournament,1
International Track & Field 2000,1
Castlevania Judgment,1
"Warhammer 40,000: Squad Command",1
Untold Legends: Dark Kingdom,1
Devil Kings,1
Armored Core 2,1
Monster Hunter Freedom 2,1
Mario Golf: Advance Tour,1
Medal Of Honor: Infiltrator,1
Gunstar Super Heroes,1
Chili Con Carnage,1
Fullmetal Alchemist And The Broken Angel,1
Tom And Jerry In War Of The Whiskers,1
Minority Report: Everybody Runs,1
Kingdom Under Fire: Circle Of Doom,1
Chibi-Robo! Zip Lash,1
Mario & Sonic At The Sochi 2014 Olympic Winter Games,1
Nicktoons: Battle For Volcano Island,1
Gladiator Begins,1
Ct Special Forces,1
Driver: Renegade,1
Jade Cocoon 2,1
Mario Pinball Land,1
The Mummy Returns,1
Spyro Orange: The Cortex Conspiracy,1
Fullmetal Alchemist 2: Curse Of The Crimson Elixir,1
Disaster: Day Of Crisis,1
Hakuoki: Demon Of The Fleeting Blossom,1
Dead Or Alive Paradise,1
The Order: 1886,3
Red Faction,3
Driveclub,3
Xiii,3
Knack,3
Manhunt,3
Legacy Of Kain: Defiance,3
Uncharted: Golden Abyss,3
God Of War: Ascension,3
Gears Of War: Judgment,3
Playstation All-Stars Battle Royale,3
Forza Motorsport 5,3
Anno 2070,3
Bloodrayne,3
Harry Potter And The Sorcerer'S Stone,3
Gun,3
Sonic Lost World,3
Assassin'S Creed Iii: Liberation,3
Harry Potter And The Chamber Of Secrets,3
Ratchet & Clank: All 4 One,3
Tom Clancy'S Ghost Recon,3
Twisted Metal,3
Peter Jackson'S King Kong: The Official Game Of The Movie,3
Harry Potter And The Prisoner Of Azkaban,3
Need For Speed: Hot Pursuit 2,3
Brothers In Arms: Earned In Blood,3
Blue Dragon,3
Ultimate Spider-Man,3
Kingdom Hearts 358/2 Days,3
Myst,3
Motorstorm: Pacific Rift,3
Tom Clancy'S Rainbow Six: Lockdown,3
Harry Potter And The Goblet Of Fire,3
Sonic Heroes,3
New Super Mario Bros. 2,3
The Punisher,3
Metroid,3
Assassin'S Creed: Bloodlines,3
Enter The Matrix,3
Madagascar,3
Manhunt 2,3
Dark Cloud,3
Delta Force: Black Hawk Down,3
De Blob,3
Red Dead Revolver,3
Black,3
Tony Hawk'S American Wasteland,3
True Crime: Streets Of La,3
True Crime: New York City,3
Harry Potter: Quidditch World Cup,3
Kingdom Hearts: Chain Of Memories,3
James Bond 007: Nightfire,3
Heavenly Sword,3
Mortal Kombat: Armageddon,3
Pokémon Colosseum,3
Crash Bash,3
Tekken 4,3
Baldur'S Gate: Dark Alliance,3
Sonic Colors,3
Driv3R,3
Simcity (2013),3
Star Wars: Jedi Starfighter,3
Shadow The Hedgehog,3
South Park,3
Scarface: The World Is Yours,3
Animal Crossing: City Folk,3
Mortal Kombat: Deception,3
Metroid: Other M,3
Mario Party 3,3
Call Of Duty: Finest Hour,3
Persona Q: Shadow Of The Labyrinth,3
Mx Vs. Atv Unleashed,3
Paper Mario: Sticker Star,3
The Lord Of The Rings: The Fellowship Of The Ring,3
Mortal Kombat: Deadly Alliance,3
Mario Party Ds,3
The Spongebob Squarepants Movie,3
Mario Party 4,3
Mario Party 8,3
Killzone: Mercenary,3
Call Of Duty 2: Big Red One,3
Resident Evil - Code: Veronica X,3
Over The Hedge,3
Dissidia: Final Fantasy,3
Dirge Of Cerberus: Final Fantasy Vii,3
Medal Of Honor: Rising Sun,3
Jak And Daxter: The Lost Frontier,3
007: The World Is Not Enough,3
Hyrule Warriors,3
Mario Party 5,3
Tomodachi Life,3
Nba 2K6,3
Wii Fit,3
Ice Age 2: The Meltdown,3
Mlb 15: The Show,3
The Sims 2: Pets,3
Castlevania: Lament Of Innocence,3
Teenage Mutant Ninja Turtles 2: Battle Nexus,3
Sonic Riders: Zero Gravity,3
Dragon Ball Z: Budokai,3
Rayman Raving Rabbids 2,3
X2: Wolverine'S Revenge,3
Animal Crossing: Happy Home Designer,3
Tales Of Phantasia,3
Mario Party 7,3
Sengoku Basara: Samurai Heroes,3
Mario Party 6,3
Cooking Mama,3
Simcity,3
The Urbz: Sims In The City,3
Resistance: Retribution,3
Shark Tale,3
Sonic Rivals,3
James Bond 007: Everything Or Nothing,3
Burnout,3
Final Fantasy Xii: Revenant Wings,3
Tetris,3
Dragon Ball Z: Budokai Tenkaichi,3
Sonic Rush Adventure,3
Sonic And The Black Knight,3
Ssx On Tour,3
Call Of Duty: Roads To Victory,3
Super Princess Peach,3
Haze,3
Wii Fit Plus,3
Star Ocean: Till The End Of Time,3
Rabbids Go Home,3
Mario Party 10,3
Dragon Ball Z: The Legacy Of Goku,3
50 Cent: Bulletproof,3
Medal Of Honor Heroes 2,3
Mysims,3
.Hack//Infection Part 1,3
Goldeneye: Rogue Agent,3
Spongebob Squarepants: Creature From The Krusty Krab,3
Need For Speed: Nitro,3
Tom Clancy'S Ghost Recon 2,3
Need For Speed Underground Rivals,3
Battle Arena Toshinden,3
Mario Sports Mix,3
Mario Party: Island Tour,3
Ninja Gaiden Sigma 2,3
The Getaway: Black Monday,3
Wii Party U,3
Van Helsing,3
Pilotwings Resort,3
Spongebob Squarepants: Revenge Of The Flying Dutchman,3
Indiana Jones And The Staff Of Kings,3
Midnight Club: Street Racing,3
Looney Tunes: Back In Action,3
Lemony Snicket'S A Series Of Unfortunate Events,3
Just Dance 2,3
Just Dance,3
Scooby-Doo! Unmasked,3
Wii Play: Motion,3
Super Monkey Ball: Banana Blitz,3
Terminator 3: Rise Of The Machines,3
Scooby-Doo! Night Of 100 Frights,3
Gangs Of London,3
Disney'S Lilo & Stitch,3
Wwf Smackdown! Just Bring It,3
Mysims Kingdom,3
Untold Legends: Brotherhood Of The Blade,3
Spec Ops: Ranger Elite,3
Spongebob'S Atlantis Squarepantis,3
Scooby-Doo! Mystery Mayhem,3
Spongebob Squarepants Featuring Nicktoons: Globs Of Doom,3
